Date,Adj Close
2/01/2006,4776
3/01/2006,4820.299805
4/01/2006,4813.700195
5/01/2006,4791.100098
8/01/2006,4831.5
9/01/2006,4816.700195
10/01/2006,4838.100098
11/01/2006,4836.899902
12/01/2006,4836.700195
15/01/2006,4836.399902
16/01/2006,4866.100098
17/01/2006,4786.899902
18/01/2006,4840.899902
19/01/2006,4854.399902
22/01/2006,4812.100098
23/01/2006,4824.799805
24/01/2006,4861.399902
26/01/2006,4919.299805
29/01/2006,4943.399902
30/01/2006,4929.600098
31/01/2006,4956.700195
1/02/2006,4905.100098
2/02/2006,4883.799805
5/02/2006,4915.600098
6/02/2006,4905.399902
7/02/2006,4831.399902
8/02/2006,4877.600098
9/02/2006,4871.5
12/02/2006,4817.100098
13/02/2006,4864.200195
14/02/2006,4835
15/02/2006,4820.600098
16/02/2006,4799.899902
19/02/2006,4835.5
20/02/2006,4879.100098
21/02/2006,4886.700195
22/02/2006,4913.200195
23/02/2006,4893.399902
26/02/2006,4924.100098
27/02/2006,4921.299805
28/02/2006,4850.600098
1/03/2006,4903.799805
2/03/2006,4898.5
5/03/2006,4903.899902
6/03/2006,4879.700195
7/03/2006,4873
8/03/2006,4894.399902
9/03/2006,4888.100098
12/03/2006,4951.299805
13/03/2006,4932.200195
14/03/2006,4946.299805
15/03/2006,4977.899902
16/03/2006,4971.700195
19/03/2006,5000.399902
20/03/2006,4991.299805
21/03/2006,5013.399902
22/03/2006,5035.299805
23/03/2006,5040.100098
26/03/2006,5088.100098
27/03/2006,5085.799805
28/03/2006,5090.5
29/03/2006,5115
30/03/2006,5129.700195
3/04/2006,5180.5
4/04/2006,5162.5
5/04/2006,5207
6/04/2006,5238.899902
7/04/2006,5232.899902
10/04/2006,5192.299805
11/04/2006,5233.5
12/04/2006,5183.700195
13/04/2006,5175.700195
18/04/2006,5248.600098
19/04/2006,5283.899902
20/04/2006,5276.899902
21/04/2006,5250.100098
24/04/2006,5269.799805
26/04/2006,5327.200195
27/04/2006,5300.200195
28/04/2006,5258.799805
1/05/2006,5310.399902
2/05/2006,5273.100098
3/05/2006,5273.5
4/05/2006,5189.100098
5/05/2006,5255.399902
8/05/2006,5324
9/05/2006,5325.799805
10/05/2006,5352.200195
11/05/2006,5364.5
12/05/2006,5329.5
15/05/2006,5234.100098
16/05/2006,5217.399902
17/05/2006,5217.5
18/05/2006,5119.299805
19/05/2006,5100.899902
22/05/2006,5030.799805
23/05/2006,5013.799805
24/05/2006,5037.700195
25/05/2006,4976.799805
26/05/2006,5053.700195
29/05/2006,5109.5
30/05/2006,5105.399902
31/05/2006,5001.700195
1/06/2006,5060.600098
2/06/2006,5077.200195
5/06/2006,5120
6/06/2006,5036.100098
7/06/2006,5025.5
8/06/2006,4907.200195
9/06/2006,4966
13/06/2006,4838.899902
14/06/2006,4850.799805
15/06/2006,4869.700195
16/06/2006,4969
19/06/2006,4901.200195
20/06/2006,4861.399902
21/06/2006,4918.899902
22/06/2006,5010.799805
23/06/2006,4964.899902
26/06/2006,4965
27/06/2006,4999.200195
28/06/2006,4946.799805
29/06/2006,4997.200195
30/06/2006,5073.899902
3/07/2006,5092.200195
4/07/2006,5104.700195
5/07/2006,5096.899902
6/07/2006,5120.299805
7/07/2006,5135.299805
10/07/2006,5142.799805
11/07/2006,5107.200195
12/07/2006,5128.299805
13/07/2006,5084.600098
14/07/2006,4966.100098
17/07/2006,4956.200195
18/07/2006,4923.299805
19/07/2006,4900.100098
20/07/2006,4996.5
21/07/2006,4960.600098
24/07/2006,4934.399902
25/07/2006,4992.399902
26/07/2006,4935.700195
27/07/2006,5007.799805
28/07/2006,4958.299805
31/07/2006,4986
1/08/2006,4981.299805
2/08/2006,4931.5
3/08/2006,4997.5
4/08/2006,4956.100098
7/08/2006,4961.799805
8/08/2006,5024.799805
9/08/2006,4962
10/08/2006,4953.200195
11/08/2006,4949.200195
14/08/2006,4971.299805
15/08/2006,4936
16/08/2006,4961.899902
17/08/2006,5055.899902
18/08/2006,5052.5
21/08/2006,5063.600098
22/08/2006,5076.200195
23/08/2006,5082.299805
24/08/2006,4987.799805
25/08/2006,5023.600098
28/08/2006,5024.200195
29/08/2006,5067.600098
30/08/2006,5067.299805
31/08/2006,5115.399902
1/09/2006,5097.100098
4/09/2006,5129.200195
5/09/2006,5150.600098
6/09/2006,5113.799805
7/09/2006,5108.700195
8/09/2006,5098.299805
11/09/2006,5026
12/09/2006,4974.399902
13/09/2006,5017.200195
14/09/2006,5070.399902
15/09/2006,5036.399902
18/09/2006,5072.799805
19/09/2006,5056.799805
20/09/2006,4998.5
21/09/2006,4995.899902
22/09/2006,4983.200195
25/09/2006,4986.299805
26/09/2006,4989.600098
27/09/2006,5093.200195
28/09/2006,5113.899902
29/09/2006,5154.100098
2/10/2006,5178.799805
3/10/2006,5184.299805
4/10/2006,5142.700195
5/10/2006,5219.299805
6/10/2006,5220.700195
9/10/2006,5199.100098
10/10/2006,5248.600098
11/10/2006,5282.799805
12/10/2006,5259.399902
13/10/2006,5290
16/10/2006,5311
17/10/2006,5281.299805
18/10/2006,5313.200195
19/10/2006,5285.299805
20/10/2006,5335.399902
23/10/2006,5333.5
24/10/2006,5317.100098
25/10/2006,5352.299805
26/10/2006,5389.700195
27/10/2006,5358.5
29/10/2006,5399.399902
30/10/2006,5384.399902
31/10/2006,5416.399902
1/11/2006,null
2/11/2006,5432
5/11/2006,5444.100098
6/11/2006,5491.600098
7/11/2006,5459.200195
8/11/2006,5429
9/11/2006,5436.700195
12/11/2006,5418.399902
13/11/2006,5435.600098
14/11/2006,5429.899902
15/11/2006,5392.600098
16/11/2006,5419.700195
19/11/2006,5322.399902
20/11/2006,5358
21/11/2006,5445.700195
22/11/2006,5466.899902
23/11/2006,5453.600098
26/11/2006,5452.200195
27/11/2006,5384.299805
28/11/2006,5452.600098
29/11/2006,5482.100098
30/11/2006,5427.899902
3/12/2006,5424.899902
4/12/2006,5426.5
5/12/2006,5466.700195
6/12/2006,5465.200195
7/12/2006,5425.799805
10/12/2006,5469.700195
11/12/2006,5473.600098
12/12/2006,5488.200195
13/12/2006,5573.100098
14/12/2006,5575.399902
17/12/2006,5591.5
18/12/2006,5559.700195
19/12/2006,5607.799805
20/12/2006,5583.5
21/12/2006,5603.700195
26/12/2006,5643.200195
27/12/2006,5660.5
28/12/2006,5669.899902
1/01/2007,5670.200195
2/01/2007,5649.399902
3/01/2007,5584.799805
4/01/2007,5572
7/01/2007,5502
8/01/2007,5589.700195
9/01/2007,5520.899902
10/01/2007,5564.899902
11/01/2007,5638.799805
14/01/2007,5673.799805
15/01/2007,5673.399902
16/01/2007,5646.100098
17/01/2007,5672.399902
18/01/2007,5673.100098
21/01/2007,5726.600098
22/01/2007,5735
23/01/2007,5768.799805
24/01/2007,5769.899902
28/01/2007,5760.399902
29/01/2007,5812.5
30/01/2007,5773.399902
31/01/2007,5814.100098
1/02/2007,5831.5
4/02/2007,5822.100098
5/02/2007,5870.5
6/02/2007,5899.799805
7/02/2007,5899.5
8/02/2007,5927.200195
11/02/2007,5924.100098
12/02/2007,5936.600098
13/02/2007,5960.5
14/02/2007,5992.799805
15/02/2007,5953.700195
18/02/2007,5990.100098
19/02/2007,5989.700195
20/02/2007,5951.799805
21/02/2007,6017.100098
22/02/2007,6036.100098
25/02/2007,6044
26/02/2007,5993.799805
27/02/2007,5832.5
28/02/2007,5810.200195
1/03/2007,5786
4/03/2007,5653.600098
5/03/2007,5771.799805
6/03/2007,5825.299805
7/03/2007,5822.299805
8/03/2007,5830.200195
11/03/2007,5891
12/03/2007,5865
13/03/2007,5741.899902
14/03/2007,5853
15/03/2007,5836.299805
18/03/2007,5859.700195
19/03/2007,5876.600098
20/03/2007,5861.899902
21/03/2007,5955.700195
22/03/2007,5952.299805
26/03/2007,5990.700195
27/03/2007,5964.200195
28/03/2007,5923.200195
29/03/2007,5960.899902
30/03/2007,5995
2/04/2007,5915.799805
3/04/2007,6013.399902
4/04/2007,6097.200195
5/04/2007,6077.100098
10/04/2007,6153
11/04/2007,6151.399902
12/04/2007,6158.200195
13/04/2007,6135.799805
16/04/2007,6197.700195
17/04/2007,6186.5
18/04/2007,6236.899902
19/04/2007,6165.100098
20/04/2007,6207.5
23/04/2007,6209.100098
24/04/2007,6188.200195
26/04/2007,6212.200195
27/04/2007,6151.600098
30/04/2007,6166
1/05/2007,6145.799805
2/05/2007,6237.700195
3/05/2007,6245.600098
4/05/2007,6304.899902
7/05/2007,6335.700195
8/05/2007,6304.399902
9/05/2007,6341
10/05/2007,6355.5
11/05/2007,6297.399902
14/05/2007,6345.100098
15/05/2007,6291.200195
16/05/2007,6294.600098
17/05/2007,6365.899902
18/05/2007,6312.5
21/05/2007,6369
22/05/2007,6338.799805
23/05/2007,6355.100098
24/05/2007,6279.100098
25/05/2007,6252.799805
28/05/2007,6251.399902
29/05/2007,6317.600098
30/05/2007,6243.399902
31/05/2007,6313.5
1/06/2007,6333.5
4/06/2007,6392.899902
5/06/2007,6370.799805
6/06/2007,6337.100098
7/06/2007,6311.100098
8/06/2007,6231.700195
12/06/2007,6240.100098
13/06/2007,6180.700195
14/06/2007,6261.200195
15/06/2007,6293.799805
18/06/2007,6343.399902
19/06/2007,6372
20/06/2007,6396.899902
21/06/2007,6387
22/06/2007,6382.600098
25/06/2007,6329.799805
26/06/2007,6308.600098
27/06/2007,6184.200195
28/06/2007,6265.600098
29/06/2007,6274.899902
2/07/2007,6263.299805
3/07/2007,6299
4/07/2007,6298.600098
5/07/2007,6362.299805
6/07/2007,6351.100098
9/07/2007,6400.600098
10/07/2007,6361.5
11/07/2007,6325.100098
12/07/2007,6363.399902
13/07/2007,6389.399902
16/07/2007,6380.799805
17/07/2007,6381.600098
18/07/2007,6329.100098
19/07/2007,6384.200195
20/07/2007,6421.799805
23/07/2007,6390.399902
24/07/2007,6422.299805
25/07/2007,6340.5
26/07/2007,6258.5
27/07/2007,6082.899902
30/07/2007,6108.799805
31/07/2007,6144.200195
1/08/2007,5941.200195
2/08/2007,6011.799805
3/08/2007,6021
6/08/2007,5920.200195
7/08/2007,5985
8/08/2007,6100.799805
9/08/2007,6165.600098
10/08/2007,5936
13/08/2007,6011.600098
14/08/2007,5964.799805
15/08/2007,5788
16/08/2007,5711.5
17/08/2007,5671
20/08/2007,5932.600098
21/08/2007,5989.399902
22/08/2007,6005
23/08/2007,6159.700195
24/08/2007,6088.5
27/08/2007,6185.200195
28/08/2007,6176.299805
29/08/2007,6100.299805
30/08/2007,6135
31/08/2007,6247.200195
3/09/2007,6267.299805
4/09/2007,6293.299805
5/09/2007,6262.700195
6/09/2007,6251
7/09/2007,6278.399902
10/09/2007,6191.200195
11/09/2007,6235.5
12/09/2007,6220.299805
13/09/2007,6230.600098
14/09/2007,6306.799805
17/09/2007,6271.399902
18/09/2007,6192.5
19/09/2007,6356.100098
20/09/2007,6393.700195
21/09/2007,6357.899902
24/09/2007,6451.5
25/09/2007,6483
26/09/2007,6481.399902
27/09/2007,6538.100098
28/09/2007,6567.799805
1/10/2007,6563.700195
2/10/2007,6659.899902
3/10/2007,6660
4/10/2007,6566.899902
5/10/2007,6605.399902
8/10/2007,6654.299805
9/10/2007,6677.799805
10/10/2007,6738.299805
11/10/2007,6771.899902
12/10/2007,6748.899902
15/10/2007,6739
16/10/2007,6692
17/10/2007,6680.100098
18/10/2007,6767.700195
19/10/2007,6706.299805
22/10/2007,6577.299805
23/10/2007,6660.899902
24/10/2007,6634.399902
25/10/2007,6624.299805
26/10/2007,6700.600098
28/10/2007,6792.100098
29/10/2007,6750.200195
30/10/2007,6754.100098
31/10/2007,6828.700195
1/11/2007,6696.600098
4/11/2007,6582.299805
5/11/2007,6628
6/11/2007,6692.399902
7/11/2007,6521.600098
8/11/2007,6545.700195
11/11/2007,6455.299805
12/11/2007,6515.200195
13/11/2007,6598.600098
14/11/2007,6528.600098
15/11/2007,6461.899902
18/11/2007,6535.200195
19/11/2007,6425.399902
20/11/2007,6384.299805
21/11/2007,6334.299805
22/11/2007,6330.200195
25/11/2007,6471.399902
26/11/2007,6432.700195
27/11/2007,6370.100098
28/11/2007,6444.5
29/11/2007,6533.100098
2/12/2007,6533.5
3/12/2007,6530.799805
4/12/2007,6508.100098
5/12/2007,6600.899902
6/12/2007,6654.700195
9/12/2007,6625.100098
10/12/2007,6680.399902
11/12/2007,6615.200195
12/12/2007,6597.600098
13/12/2007,6491.700195
16/12/2007,6263.5
17/12/2007,6236.899902
18/12/2007,6216.399902
19/12/2007,6176.899902
20/12/2007,6247
23/12/2007,6323.600098
26/12/2007,6350.899902
27/12/2007,6339.899902
30/12/2007,6339.799805
1/01/2008,6353.200195
2/01/2008,6290.700195
3/01/2008,6306.799805
6/01/2008,6161.600098
7/01/2008,6128.100098
8/01/2008,6087.700195
9/01/2008,6078.700195
10/01/2008,5981.600098
13/01/2008,5980
14/01/2008,5960
15/01/2008,5809.700195
16/01/2008,5796.100098
17/01/2008,5747.299805
20/01/2008,5580.399902
21/01/2008,5186.799805
22/01/2008,5412.299805
23/01/2008,5580.399902
24/01/2008,5860.299805
28/01/2008,5716.5
29/01/2008,5618.700195
30/01/2008,5650.299805
31/01/2008,5842.899902
3/02/2008,5867.399902
4/02/2008,5792.899902
5/02/2008,5609.399902
6/02/2008,5596.700195
7/02/2008,5658
10/02/2008,5537.600098
11/02/2008,5608.100098
12/02/2008,5542.100098
13/02/2008,5684.799805
14/02/2008,5606.600098
17/02/2008,5558.399902
18/02/2008,5619.100098
19/02/2008,5496.5
20/02/2008,5583.399902
21/02/2008,5559.899902
24/02/2008,5621.600098
25/02/2008,5666.100098
26/02/2008,5767.200195
27/02/2008,5651.200195
28/02/2008,5572.100098
2/03/2008,5405.799805
3/03/2008,5380.299805
4/03/2008,5376.600098
5/03/2008,5435.5
6/03/2008,5264
9/03/2008,5180.399902
10/03/2008,5134.200195
11/03/2008,5257.899902
12/03/2008,5135.899902
13/03/2008,5206.899902
16/03/2008,5087
17/03/2008,5086.100098
18/03/2008,5289.100098
19/03/2008,5127.5
24/03/2008,5318.399902
25/03/2008,5381.399902
26/03/2008,5371.600098
27/03/2008,5351.100098
30/03/2008,5355.700195
31/03/2008,5361.200195
1/04/2008,5502.899902
2/04/2008,5608.899902
3/04/2008,5619.600098
7/04/2008,5625
8/04/2008,5571.5
9/04/2008,5520.200195
10/04/2008,5446.399902
11/04/2008,5439.299805
14/04/2008,5342.399902
15/04/2008,5400.399902
16/04/2008,5470.299805
17/04/2008,5519
18/04/2008,5429.700195
21/04/2008,5600.299805
22/04/2008,5564.600098
23/04/2008,5652.899902
24/04/2008,5587.299805
28/04/2008,5602.700195
29/04/2008,5606.899902
30/04/2008,5595.399902
1/05/2008,5585.799805
2/05/2008,5700.399902
5/05/2008,5730.299805
6/05/2008,5701.399902
7/05/2008,5668.399902
8/05/2008,5723.200195
9/05/2008,5771.799805
12/05/2008,5828.5
13/05/2008,5812.700195
14/05/2008,5872.700195
15/05/2008,5890.700195
16/05/2008,5931
19/05/2008,5949.399902
20/05/2008,5908.100098
21/05/2008,5823.399902
22/05/2008,5826.899902
23/05/2008,5768
26/05/2008,5707
27/05/2008,5714.399902
28/05/2008,5648.100098
29/05/2008,5709.399902
30/05/2008,5654.700195
2/06/2008,5662.299805
3/06/2008,5574.200195
4/06/2008,5584.5
5/06/2008,5530.100098
6/06/2008,5592.100098
10/06/2008,5437.5
11/06/2008,5467.299805
12/06/2008,5329.200195
13/06/2008,5378.100098
16/06/2008,5371.700195
17/06/2008,5422.700195
18/06/2008,5443.200195
19/06/2008,5366.600098
20/06/2008,5288.299805
23/06/2008,5283.700195
24/06/2008,5290
25/06/2008,5237.799805
26/06/2008,5307
27/06/2008,5237
30/06/2008,5215.299805
1/07/2008,5138.899902
2/07/2008,5094.799805
3/07/2008,4998.299805
4/07/2008,5082.100098
7/07/2008,5002.5
8/07/2008,4932.899902
9/07/2008,5011.899902
10/07/2008,4937.399902
11/07/2008,4979.899902
14/07/2008,4921
15/07/2008,4815.700195
16/07/2008,4870.600098
17/07/2008,4901
18/07/2008,4840.399902
21/07/2008,5011.799805
22/07/2008,5005.600098
23/07/2008,5105.299805
24/07/2008,5144.100098
25/07/2008,4970.5
28/07/2008,4922.100098
29/07/2008,4847.399902
30/07/2008,4936.700195
31/07/2008,4977.399902
1/08/2008,4904
4/08/2008,4887.700195
5/08/2008,4820.399902
6/08/2008,4969.100098
7/08/2008,4983.299805
8/08/2008,4986.200195
11/08/2008,5026.100098
12/08/2008,5053.600098
13/08/2008,4951.600098
14/08/2008,4981.100098
15/08/2008,4981.700195
18/08/2008,4985
19/08/2008,4866.399902
20/08/2008,4929.5
21/08/2008,4875.200195
22/08/2008,4931.399902
25/08/2008,5014.899902
26/08/2008,5007.5
27/08/2008,5011.200195
28/08/2008,5066.5
29/08/2008,5135.600098
1/09/2008,5118.299805
2/09/2008,5116
3/09/2008,5060
4/09/2008,4979.5
5/09/2008,4877.100098
8/09/2008,5067.5
9/09/2008,4980.100098
10/09/2008,4905.5
11/09/2008,4814.299805
12/09/2008,4903.799805
15/09/2008,4817.700195
16/09/2008,4750.799805
17/09/2008,4722.200195
18/09/2008,4607.299805
19/09/2008,4804.100098
22/09/2008,5020.5
23/09/2008,4923.5
24/09/2008,4981.899902
25/09/2008,4927.399902
26/09/2008,4904.799805
29/09/2008,4807.399902
30/09/2008,4600.5
1/10/2008,4794.600098
2/10/2008,4761.100098
3/10/2008,4695.399902
5/10/2008,4540.399902
6/10/2008,4618.700195
7/10/2008,4388.100098
8/10/2008,4320.899902
9/10/2008,3960.699951
12/10/2008,4180.700195
13/10/2008,4335.200195
14/10/2008,4300
15/10/2008,4013.399902
16/10/2008,3970.800049
19/10/2008,4142.299805
20/10/2008,4302.5
21/10/2008,4156.100098
22/10/2008,3974.399902
23/10/2008,3869.399902
26/10/2008,3809.199951
27/10/2008,3794.600098
28/10/2008,3845.600098
29/10/2008,4001.100098
30/10/2008,4018
2/11/2008,4221.5
3/11/2008,4215.100098
4/11/2008,4336.600098
5/11/2008,4149.700195
6/11/2008,4051.300049
9/11/2008,4107.799805
10/11/2008,3960.899902
11/11/2008,3927.300049
12/11/2008,3697.300049
13/11/2008,3748.100098
16/11/2008,3653
17/11/2008,3523.199951
18/11/2008,3499.600098
19/11/2008,3352.899902
20/11/2008,3416.5
23/11/2008,3425.100098
24/11/2008,3623.399902
25/11/2008,3540
26/11/2008,3588
27/11/2008,3742.5
30/11/2008,3681.199951
1/12/2008,3528.199951
2/12/2008,3533.800049
3/12/2008,3532.399902
4/12/2008,3489.899902
7/12/2008,3631.600098
8/12/2008,3604.300049
9/12/2008,3640.699951
10/12/2008,3598
11/12/2008,3510.399902
14/12/2008,3591.399902
15/12/2008,3556.199951
16/12/2008,3570.600098
17/12/2008,3581.199951
18/12/2008,3615.699951
21/12/2008,3557.399902
22/12/2008,3531.399902
23/12/2008,3582.199951
28/12/2008,3621.100098
29/12/2008,3654.199951
30/12/2008,3722.300049
1/01/2009,3713.800049
4/01/2009,3687
5/01/2009,3742.699951
6/01/2009,3779.699951
7/01/2009,3694.300049
8/01/2009,3735.699951
11/01/2009,3683.300049
12/01/2009,3654.600098
13/01/2009,3687
14/01/2009,3529.5
15/01/2009,3550.899902
18/01/2009,3589.300049
19/01/2009,3476.600098
20/01/2009,3442.800049
21/01/2009,3486.800049
22/01/2009,3342.699951
26/01/2009,3444
27/01/2009,3495.5
28/01/2009,3526.199951
29/01/2009,3540.699951
1/02/2009,3497.399902
2/02/2009,3508.699951
3/02/2009,3437.899902
4/02/2009,3428.600098
5/02/2009,3469.899902
8/02/2009,3508.600098
9/02/2009,3488.699951
10/02/2009,3474.399902
11/02/2009,3514.300049
12/02/2009,3559.100098
15/02/2009,3516.899902
16/02/2009,3464.300049
17/02/2009,3413.199951
18/02/2009,3448.899902
19/02/2009,3402.399902
22/02/2009,3351.199951
23/02/2009,3331.600098
24/02/2009,3327.5
25/02/2009,3345.5
26/02/2009,3344.5
1/03/2009,3250.100098
2/03/2009,3219.199951
3/03/2009,3166.399902
4/03/2009,3188.5
5/03/2009,3145.5
8/03/2009,3154.5
9/03/2009,3184.5
10/03/2009,3244.399902
11/03/2009,3235.5
12/03/2009,3345.199951
15/03/2009,3348.399902
16/03/2009,3451.899902
17/03/2009,3446.300049
18/03/2009,3480.199951
19/03/2009,3465.800049
22/03/2009,3550.300049
23/03/2009,3580
24/03/2009,3609.300049
25/03/2009,3646.600098
26/03/2009,3672.300049
29/03/2009,3604.399902
30/03/2009,3582.100098
31/03/2009,3579.699951
1/04/2009,3680.199951
2/04/2009,3735.600098
6/04/2009,3756.600098
7/04/2009,3706.300049
8/04/2009,3619.5
9/04/2009,3671.600098
14/04/2009,3752.899902
15/04/2009,3747.5
16/04/2009,3775.699951
17/04/2009,3776.699951
20/04/2009,3769
21/04/2009,3677.399902
22/04/2009,3668.199951
23/04/2009,3743
24/04/2009,3712.300049
27/04/2009,3731.600098
28/04/2009,3708.399902
29/04/2009,3695.300049
30/04/2009,3780.5
1/05/2009,3769.600098
4/05/2009,3883
5/05/2009,3890.399902
6/05/2009,3867.100098
7/05/2009,3938.699951
8/05/2009,3941.699951
11/05/2009,3926
12/05/2009,3877.199951
13/05/2009,3856.100098
14/05/2009,3723.399902
15/05/2009,3773.199951
18/05/2009,3735.600098
19/05/2009,3817.300049
20/05/2009,3824.600098
21/05/2009,3813.899902
22/05/2009,3761.600098
25/05/2009,3737.899902
26/05/2009,3788.399902
27/05/2009,3801.100098
28/05/2009,3755.699951
29/05/2009,3818
1/06/2009,3894.399902
2/06/2009,3955.300049
3/06/2009,4017.199951
4/06/2009,3934.600098
5/06/2009,3971.199951
9/06/2009,3934.899902
10/06/2009,4024.399902
11/06/2009,4047.199951
12/06/2009,4062.199951
15/06/2009,4031.699951
16/06/2009,3962.5
17/06/2009,3904.100098
18/06/2009,3892.100098
19/06/2009,3899.600098
22/06/2009,3918.199951
23/06/2009,3796.899902
24/06/2009,3807
25/06/2009,3856
26/06/2009,3903.800049
29/06/2009,3886.899902
30/06/2009,3954.899902
1/07/2009,3874
2/07/2009,3877.300049
3/07/2009,3828.199951
6/07/2009,3783.699951
7/07/2009,3766.899902
8/07/2009,3767.899902
9/07/2009,3763.300049
10/07/2009,3794.100098
13/07/2009,3737.5
14/07/2009,3867.100098
15/07/2009,3924.5
16/07/2009,3995.600098
17/07/2009,4000.800049
20/07/2009,4050.300049
21/07/2009,4050.699951
22/07/2009,4068.5
23/07/2009,4064.100098
24/07/2009,4089.800049
27/07/2009,4139.600098
28/07/2009,4169.5
29/07/2009,4142.799805
30/07/2009,4190.5
31/07/2009,4244
3/08/2009,4263.399902
4/08/2009,4309.299805
5/08/2009,4264.5
6/08/2009,4326.299805
7/08/2009,4299.399902
10/08/2009,4304.100098
11/08/2009,4332
12/08/2009,4343.100098
13/08/2009,4435.899902
14/08/2009,4461
17/08/2009,4388.399902
18/08/2009,4381.600098
19/08/2009,4373.799805
20/08/2009,4377.5
21/08/2009,4290.600098
24/08/2009,4426.100098
25/08/2009,4405.799805
26/08/2009,4454.5
27/08/2009,4450.799805
28/08/2009,4489.600098
31/08/2009,4479.100098
1/09/2009,4514.600098
2/09/2009,4438.200195
3/09/2009,4429.600098
4/09/2009,4435.5
7/09/2009,4454.399902
8/09/2009,4523.799805
9/09/2009,4522.200195
10/09/2009,4570.799805
11/09/2009,4596.100098
14/09/2009,4531.100098
15/09/2009,4540.299805
16/09/2009,4650.399902
17/09/2009,4714.899902
18/09/2009,4693.200195
21/09/2009,4677.399902
22/09/2009,4663.700195
23/09/2009,4734.100098
24/09/2009,4701.200195
25/09/2009,4713.299805
28/09/2009,4677.399902
29/09/2009,4753.100098
30/09/2009,4743.600098
1/10/2009,4701.100098
2/10/2009,4601.700195
4/10/2009,4573.299805
5/10/2009,4591.600098
6/10/2009,4695.700195
7/10/2009,4768.600098
8/10/2009,4752.899902
11/10/2009,4739.799805
12/10/2009,4785.700195
13/10/2009,4831.100098
14/10/2009,4859.899902
15/10/2009,4836.399902
18/10/2009,4792.799805
19/10/2009,4846.200195
20/10/2009,4838.600098
21/10/2009,4812.799805
22/10/2009,4859.399902
25/10/2009,4830.299805
26/10/2009,4753.5
27/10/2009,4685.100098
28/10/2009,4574.700195
29/10/2009,4643.200195
1/11/2009,4540.399902
2/11/2009,4531.5
3/11/2009,4540.100098
4/11/2009,4508
5/11/2009,4594
8/11/2009,4674.899902
9/11/2009,4733.600098
10/11/2009,4757
11/11/2009,4747.899902
12/11/2009,4706.399902
15/11/2009,4755.200195
16/11/2009,4729.399902
17/11/2009,4739
18/11/2009,4749.200195
19/11/2009,4685.799805
22/11/2009,4717
23/11/2009,4685
24/11/2009,4722.200195
25/11/2009,4708.600098
26/11/2009,4572.100098
29/11/2009,4701.399902
30/11/2009,4719
1/12/2009,4762.399902
2/12/2009,4774.600098
3/12/2009,4702.200195
6/12/2009,4676.5
7/12/2009,4670.600098
8/12/2009,4637.899902
9/12/2009,4606.700195
10/12/2009,4635.200195
13/12/2009,4654
14/12/2009,4673.5
15/12/2009,4661.899902
16/12/2009,4670.299805
17/12/2009,4650.5
20/12/2009,4635.100098
21/12/2009,4704.200195
22/12/2009,4739.299805
23/12/2009,4790.899902
28/12/2009,4845.100098
29/12/2009,4833.299805
30/12/2009,4870.600098
3/01/2010,4876.299805
4/01/2010,4924.299805
5/01/2010,4921.399902
6/01/2010,4899.399902
7/01/2010,4912.100098
10/01/2010,4950.700195
11/01/2010,4899.5
12/01/2010,4868.100098
13/01/2010,4898
14/01/2010,4899.600098
17/01/2010,4911.100098
18/01/2010,4861.200195
19/01/2010,4868.200195
20/01/2010,4827.200195
21/01/2010,4750.600098
24/01/2010,4717.899902
26/01/2010,4644.600098
27/01/2010,4673.299805
28/01/2010,4569.600098
31/01/2010,4524.100098
1/02/2010,4605.299805
2/02/2010,4647.899902
3/02/2010,4621.600098
4/02/2010,4514.100098
7/02/2010,4521.399902
8/02/2010,4505.100098
9/02/2010,4513.399902
10/02/2010,4554.299805
11/02/2010,4562.100098
14/02/2010,4545.5
15/02/2010,4567.799805
16/02/2010,4667.899902
17/02/2010,4654.899902
18/02/2010,4635.100098
21/02/2010,4717.5
22/02/2010,4718.299805
23/02/2010,4648.5
24/02/2010,4594.100098
25/02/2010,4637.700195
28/02/2010,4686.5
1/03/2010,4701.899902
2/03/2010,4735.700195
3/03/2010,4750.5
4/03/2010,4767.200195
7/03/2010,4807.899902
8/03/2010,4820.100098
9/03/2010,4820
10/03/2010,4814.200195
11/03/2010,4818.100098
14/03/2010,4784.100098
15/03/2010,4797.200195
16/03/2010,4853.200195
17/03/2010,4863.100098
18/03/2010,4872.200195
21/03/2010,4830.200195
22/03/2010,4874.799805
23/03/2010,4891.5
24/03/2010,4885.399902
25/03/2010,4896.899902
28/03/2010,4897.299805
29/03/2010,4916.799805
30/03/2010,4875.5
31/03/2010,4907.700195
6/04/2010,4953.700195
7/04/2010,4960.899902
8/04/2010,4937.899902
9/04/2010,4948.100098
12/04/2010,4984.299805
13/04/2010,4951.600098
14/04/2010,4994.700195
15/04/2010,5001.899902
16/04/2010,4984.700195
19/04/2010,4915.100098
20/04/2010,4925.799805
21/04/2010,4954.299805
22/04/2010,4907.399902
23/04/2010,4881.5
27/04/2010,4880
28/04/2010,4822.799805
29/04/2010,4785.600098
30/04/2010,4807.399902
3/05/2010,4785.5
4/05/2010,4737.100098
5/05/2010,4674
6/05/2010,4573.200195
7/05/2010,4480.700195
10/05/2010,4599.799805
11/05/2010,4548
12/05/2010,4573
13/05/2010,4652.799805
14/05/2010,4611.100098
17/05/2010,4467.200195
18/05/2010,4470.700195
19/05/2010,4387.100098
20/05/2010,4316.5
21/05/2010,4305.399902
24/05/2010,4395.399902
25/05/2010,4265.299805
26/05/2010,4307.200195
27/05/2010,4379.200195
28/05/2010,4457.5
31/05/2010,4429.700195
1/06/2010,4413.100098
2/06/2010,4381
3/06/2010,4486
4/06/2010,4449.399902
7/06/2010,4325.899902
8/06/2010,4381.200195
9/06/2010,4385.299805
10/06/2010,4435.299805
11/06/2010,4505.5
15/06/2010,4505
16/06/2010,null
17/06/2010,4527.299805
18/06/2010,4551.899902
21/06/2010,4612.600098
22/06/2010,4558.299805
23/06/2010,4486.100098
24/06/2010,4479.700195
25/06/2010,4413
28/06/2010,4384.5
29/06/2010,4345.700195
30/06/2010,4301.5
1/07/2010,4237.5
2/07/2010,4238.700195
5/07/2010,4222.100098
6/07/2010,4276.100098
7/07/2010,4254.600098
8/07/2010,4356.899902
9/07/2010,4396.299805
12/07/2010,4409.899902
13/07/2010,4380.299805
14/07/2010,4462.399902
15/07/2010,4442.600098
16/07/2010,4422.700195
19/07/2010,4358.299805
20/07/2010,4403.600098
21/07/2010,4412.700195
22/07/2010,4374.700195
23/07/2010,4458.399902
26/07/2010,4486.100098
27/07/2010,4497.399902
28/07/2010,4529.899902
29/07/2010,4524.100098
30/07/2010,4493.5
2/08/2010,4541.600098
3/08/2010,4571.600098
4/08/2010,4542.100098
5/08/2010,4566.5
6/08/2010,4566.100098
9/08/2010,4594.899902
10/08/2010,4540.700195
11/08/2010,4455.5
12/08/2010,4400.899902
13/08/2010,4459.600098
16/08/2010,4438.5
17/08/2010,4477
18/08/2010,4474.899902
19/08/2010,4479
20/08/2010,4430.899902
23/08/2010,4429
24/08/2010,4381.299805
25/08/2010,4320.100098
26/08/2010,4356
27/08/2010,4370.100098
30/08/2010,4452.700195
31/08/2010,4404.200195
1/09/2010,4495.700195
2/09/2010,4532.700195
3/09/2010,4541.200195
6/09/2010,4575.5
7/09/2010,4573.200195
8/09/2010,4537.200195
9/09/2010,4582.200195
10/09/2010,4560.299805
13/09/2010,4614.899902
14/09/2010,4626.5
15/09/2010,4661.5
16/09/2010,4605.299805
17/09/2010,4638.899902
20/09/2010,4631.299805
21/09/2010,4617.5
22/09/2010,4625.200195
23/09/2010,4633.600098
24/09/2010,4601.899902
27/09/2010,4675.399902
28/09/2010,4669.799805
29/09/2010,4645
30/09/2010,4582.899902
1/10/2010,4579.200195
3/10/2010,4625.299805
4/10/2010,4606.899902
5/10/2010,4686.799805
6/10/2010,4691.299805
7/10/2010,4681.399902
10/10/2010,4697.5
11/10/2010,4618.200195
12/10/2010,4619.899902
13/10/2010,4699.100098
14/10/2010,4689
17/10/2010,4651.899902
18/10/2010,4655.700195
19/10/2010,4624.899902
20/10/2010,4622.899902
21/10/2010,4648.200195
24/10/2010,4710
25/10/2010,4687.799805
26/10/2010,4648.100098
27/10/2010,4684.899902
28/10/2010,4661.600098
31/10/2010,4698.5
1/11/2010,4701.399902
2/11/2010,4722.600098
3/11/2010,4745.299805
4/11/2010,4800.600098
7/11/2010,4778.399902
8/11/2010,4740.700195
9/11/2010,4699.799805
10/11/2010,4728.600098
11/11/2010,4692.700195
14/11/2010,4688
15/11/2010,4700.299805
16/11/2010,4624.299805
17/11/2010,4640.200195
18/11/2010,4629.200195
21/11/2010,4643.5
22/11/2010,4589.100098
23/11/2010,4584.600098
24/11/2010,4593.399902
25/11/2010,4598.299805
28/11/2010,4618.5
29/11/2010,4584.399902
30/11/2010,4586.600098
1/12/2010,4676.200195
2/12/2010,4694.200195
5/12/2010,4688.600098
6/12/2010,4726.799805
7/12/2010,4699.899902
8/12/2010,4741.299805
9/12/2010,4745.899902
12/12/2010,4757.100098
13/12/2010,4766.899902
14/12/2010,4767.799805
15/12/2010,4784
16/12/2010,4763.100098
19/12/2010,4736.600098
20/12/2010,4771.899902
21/12/2010,4778.399902
22/12/2010,4799
23/12/2010,4777.299805
28/12/2010,4775.200195
29/12/2010,4790.399902
30/12/2010,4745.200195
3/01/2011,4742.5
4/01/2011,4714.899902
5/01/2011,4725
6/01/2011,4705
9/01/2011,4712.299805
10/01/2011,4710.700195
11/01/2011,4724.200195
12/01/2011,4795.200195
13/01/2011,4801.5
16/01/2011,4763.100098
17/01/2011,4801.799805
18/01/2011,4834.600098
19/01/2011,4783.700195
20/01/2011,4755.700195
23/01/2011,4786
24/01/2011,4807.799805
26/01/2011,4806.100098
27/01/2011,4774.899902
30/01/2011,4753.899902
31/01/2011,4752.100098
1/02/2011,4796.5
2/02/2011,4820.600098
3/02/2011,4862.700195
6/02/2011,4868.5
7/02/2011,4890.399902
8/02/2011,4904.799805
9/02/2011,4914.399902
10/02/2011,4880.899902
13/02/2011,4935.799805
14/02/2011,4931
15/02/2011,4930.200195
16/02/2011,4938.399902
17/02/2011,4936.700195
20/02/2011,4900
21/02/2011,4856.700195
22/02/2011,4845.899902
23/02/2011,4809.299805
24/02/2011,4836.5
27/02/2011,4831.700195
28/02/2011,4826.399902
1/03/2011,4803.200195
2/03/2011,4806.399902
3/03/2011,4864.299805
6/03/2011,4797.899902
7/03/2011,4808.200195
8/03/2011,4767.799805
9/03/2011,4699.700195
10/03/2011,4644.799805
14/03/2011,4528.700195
15/03/2011,4558.200195
16/03/2011,4555.299805
17/03/2011,4626.399902
20/03/2011,4642.799805
21/03/2011,4643.399902
22/03/2011,4652.399902
23/03/2011,4699.600098
24/03/2011,4742.600098
27/03/2011,4733.600098
28/03/2011,4755.799805
29/03/2011,4822.200195
30/03/2011,4837.899902
31/03/2011,4861.799805
4/04/2011,4886.799805
5/04/2011,4900.100098
6/04/2011,4912.899902
7/04/2011,4908.100098
8/04/2011,4940.600098
11/04/2011,4971.200195
12/04/2011,4898.700195
13/04/2011,4911
14/04/2011,4884.200195
15/04/2011,4852.100098
18/04/2011,4861.899902
19/04/2011,4793.299805
20/04/2011,4859
21/04/2011,4913.799805
27/04/2011,4872.899902
28/04/2011,4873
29/04/2011,4823.200195
2/05/2011,4825.299805
3/05/2011,4784.600098
4/05/2011,4740.100098
5/05/2011,4753.700195
6/05/2011,4743
9/05/2011,4756.799805
10/05/2011,4725.799805
11/05/2011,4780.200195
12/05/2011,4696.100098
13/05/2011,4711.399902
16/05/2011,4650
17/05/2011,4683.899902
18/05/2011,4693.700195
19/05/2011,4756.399902
20/05/2011,4732.200195
23/05/2011,4643
24/05/2011,4628.799805
25/05/2011,4584.700195
26/05/2011,4660.200195
27/05/2011,4684
30/05/2011,4667.5
31/05/2011,4708.299805
1/06/2011,4707.299805
2/06/2011,4600.399902
3/06/2011,4583.100098
6/06/2011,4569.100098
7/06/2011,4566.299805
8/06/2011,4536.799805
9/06/2011,4549.600098
10/06/2011,4562.100098
14/06/2011,4585
15/06/2011,4566.799805
16/06/2011,4479.200195
17/06/2011,4484.899902
20/06/2011,4451.700195
21/06/2011,4508.200195
22/06/2011,4532.600098
23/06/2011,4500.5
24/06/2011,4508.100098
27/06/2011,4461.799805
28/06/2011,4474.299805
29/06/2011,4529.5
30/06/2011,4608
1/07/2011,4591.200195
4/07/2011,4610.700195
5/07/2011,4598.100098
6/07/2011,4605
7/07/2011,4605.5
8/07/2011,4654.700195
11/07/2011,4582.299805
12/07/2011,4495.399902
13/07/2011,4514.799805
14/07/2011,4490.700195
15/07/2011,4473.5
18/07/2011,4472
19/07/2011,4468.100098
20/07/2011,4549.700195
21/07/2011,4556
22/07/2011,4602.899902
25/07/2011,4530.399902
26/07/2011,4573.299805
27/07/2011,4537.399902
28/07/2011,4463.799805
29/07/2011,4424.600098
2/08/2011,4433.600098
3/08/2011,4332.799805
4/08/2011,4276.5
5/08/2011,4105.399902
8/08/2011,3986.100098
9/08/2011,4034.800049
10/08/2011,4141.299805
11/08/2011,4140.799805
12/08/2011,4172.600098
15/08/2011,4282.899902
16/08/2011,4247.299805
17/08/2011,4303.899902
18/08/2011,4251.200195
19/08/2011,4101.899902
22/08/2011,4082.300049
23/08/2011,4173.399902
24/08/2011,4167.600098
25/08/2011,4212.799805
26/08/2011,4200
29/08/2011,4263.299805
30/08/2011,4269.200195
31/08/2011,4296.5
1/09/2011,4307.5
2/09/2011,4242.899902
5/09/2011,4141.899902
6/09/2011,4075.5
7/09/2011,4183.399902
8/09/2011,4188
9/09/2011,4194.700195
12/09/2011,4038.5
13/09/2011,4072.699951
14/09/2011,4005.800049
15/09/2011,4071.699951
16/09/2011,4149.399902
19/09/2011,4081.5
20/09/2011,4040.199951
21/09/2011,4071.800049
22/09/2011,3964.899902
23/09/2011,3903.199951
26/09/2011,3863.899902
27/09/2011,4004.600098
28/09/2011,4039.5
29/09/2011,4008.300049
30/09/2011,4008.600098
3/10/2011,3872.100098
4/10/2011,3926.5
5/10/2011,4069.899902
6/10/2011,4162.899902
9/10/2011,null
10/10/2011,4227.600098
11/10/2011,4204.299805
12/10/2011,4244.5
13/10/2011,4205.600098
16/10/2011,4275.399902
17/10/2011,4186.899902
18/10/2011,4213.700195
19/10/2011,4144.899902
20/10/2011,4141.899902
23/10/2011,4255
24/10/2011,4227.899902
25/10/2011,4242.5
26/10/2011,4348.200195
27/10/2011,4353.299805
30/10/2011,4298.100098
1/11/2011,4184.600098
2/11/2011,4171.799805
3/11/2011,4281.100098
6/11/2011,4273.399902
7/11/2011,4293.799805
8/11/2011,4346.100098
9/11/2011,4244.100098
10/11/2011,4296.5
13/11/2011,4304.600098
14/11/2011,4285.600098
15/11/2011,4247.399902
16/11/2011,4258.200195
17/11/2011,4177
20/11/2011,4163
21/11/2011,4133
22/11/2011,4051
23/11/2011,4044.199951
24/11/2011,3984.300049
27/11/2011,4058.199951
28/11/2011,4102.100098
29/11/2011,4119.799805
30/11/2011,4228.600098
1/12/2011,4288
4/12/2011,4321.299805
5/12/2011,4262
6/12/2011,4292.5
7/12/2011,4280.700195
8/12/2011,4203
11/12/2011,4252.799805
12/12/2011,4193.399902
13/12/2011,4190.5
14/12/2011,4139.799805
15/12/2011,4159.200195
18/12/2011,4060.399902
19/12/2011,4053.100098
20/12/2011,4139.5
21/12/2011,4090.800049
22/12/2011,4140.399902
27/12/2011,4088.800049
28/12/2011,4071.100098
29/12/2011,4056.600098
2/01/2012,4101.200195
3/01/2012,4187.799805
4/01/2012,4142.700195
5/01/2012,4108.5
8/01/2012,4105.399902
9/01/2012,4152.200195
10/01/2012,4187.5
11/01/2012,4181
12/01/2012,4195.899902
15/01/2012,null
16/01/2012,4215.600098
17/01/2012,4217.899902
18/01/2012,4214.799805
19/01/2012,4239.600098
22/01/2012,4225.100098
23/01/2012,4224.200195
24/01/2012,4271.299805
26/01/2012,4288.399902
29/01/2012,4272.700195
30/01/2012,4262.700195
31/01/2012,4225.700195
1/02/2012,4267.799805
2/02/2012,4251.200195
5/02/2012,4296
6/02/2012,4274.200195
7/02/2012,4290.700195
8/02/2012,4282.899902
9/02/2012,4245.299805
12/02/2012,4285.100098
13/02/2012,4242.799805
14/02/2012,4253.399902
15/02/2012,4181.899902
16/02/2012,4195.899902
19/02/2012,4256.100098
20/02/2012,4291.200195
21/02/2012,4293.100098
22/02/2012,4286.200195
23/02/2012,4306.799805
26/02/2012,4267.399902
27/02/2012,4262.700195
28/02/2012,4298.5
29/02/2012,4255.5
1/03/2012,4273.100098
4/03/2012,4263
5/03/2012,4204.700195
6/03/2012,4143.700195
7/03/2012,4171
8/03/2012,4212
11/03/2012,4196.700195
12/03/2012,4247.600098
13/03/2012,4287.200195
14/03/2012,4277.799805
15/03/2012,4276.200195
18/03/2012,4290.799805
19/03/2012,4275
20/03/2012,4254.299805
21/03/2012,4273.700195
22/03/2012,4270.399902
25/03/2012,4262.799805
26/03/2012,4301.299805
27/03/2012,4343.5
28/03/2012,4337.899902
29/03/2012,4335.200195
2/04/2012,4329.299805
3/04/2012,4337
4/04/2012,4333.899902
5/04/2012,4319.799805
10/04/2012,4292.299805
11/04/2012,null
12/04/2012,4280.600098
13/04/2012,4323.299805
16/04/2012,4302.299805
17/04/2012,4288.799805
18/04/2012,4348.700195
19/04/2012,4362.700195
20/04/2012,4366.5
23/04/2012,4352.399902
24/04/2012,4360.399902
26/04/2012,4375.200195
27/04/2012,4362.100098
30/04/2012,4396.600098
1/05/2012,4429.5
2/05/2012,4435.899902
3/05/2012,4429
4/05/2012,4396
7/05/2012,4301.299805
8/05/2012,4314.399902
9/05/2012,4275.100098
10/05/2012,4295.600098
11/05/2012,4285.100098
14/05/2012,4297
15/05/2012,4266.299805
16/05/2012,4165.5
17/05/2012,4157.399902
18/05/2012,4046.5
21/05/2012,4073.600098
22/05/2012,4121
23/05/2012,4067
24/05/2012,4055.800049
25/05/2012,4029.199951
28/05/2012,4068
29/05/2012,4114.399902
30/05/2012,4094.199951
31/05/2012,4076.300049
1/06/2012,4063.899902
4/06/2012,3985
5/06/2012,4043.699951
6/06/2012,4055.300049
7/06/2012,4108.600098
8/06/2012,4063.699951
12/06/2012,4072.899902
13/06/2012,4063.800049
14/06/2012,4042.199951
15/06/2012,4057.300049
18/06/2012,4136.899902
19/06/2012,4123.299805
20/06/2012,4132.399902
21/06/2012,4087.600098
22/06/2012,4048.199951
25/06/2012,4027.800049
26/06/2012,4013.300049
27/06/2012,4043.199951
28/06/2012,4044.800049
29/06/2012,4094.600098
2/07/2012,4133
3/07/2012,4127.200195
4/07/2012,4172.200195
5/07/2012,4169.200195
6/07/2012,4157.799805
9/07/2012,4118.299805
10/07/2012,4098
11/07/2012,4096.5
12/07/2012,4068
13/07/2012,4082.199951
16/07/2012,4105.100098
17/07/2012,4140.799805
18/07/2012,4123.600098
19/07/2012,4206.700195
20/07/2012,4199.100098
23/07/2012,4128.899902
24/07/2012,4133.200195
25/07/2012,4123.899902
26/07/2012,4147.700195
27/07/2012,4209.799805
30/07/2012,4245.700195
31/07/2012,4269.200195
1/08/2012,4262.799805
2/08/2012,4269.5
3/08/2012,4221.5
6/08/2012,4272.600098
7/08/2012,4291.600098
8/08/2012,4312.600098
9/08/2012,4308.299805
10/08/2012,4277.299805
13/08/2012,4283.299805
14/08/2012,4292.200195
15/08/2012,4281.200195
16/08/2012,4330.200195
17/08/2012,4370.100098
20/08/2012,4364.299805
21/08/2012,4383.399902
22/08/2012,4376
23/08/2012,4383.700195
24/08/2012,4349
27/08/2012,4343.700195
28/08/2012,4359.399902
29/08/2012,4356.399902
30/08/2012,4315.700195
31/08/2012,4316.100098
3/09/2012,4329.700195
4/09/2012,4303.5
5/09/2012,4278.799805
6/09/2012,4312.899902
7/09/2012,4325.799805
10/09/2012,4333.799805
11/09/2012,4325.799805
12/09/2012,4361.299805
13/09/2012,4339.399902
14/09/2012,4390
17/09/2012,4402.5
18/09/2012,4394.700195
19/09/2012,4418.399902
20/09/2012,4397.200195
21/09/2012,4408.299805
24/09/2012,4385.5
25/09/2012,4372.899902
26/09/2012,4361.600098
27/09/2012,4384.200195
28/09/2012,4387
1/10/2012,4388.600098
2/10/2012,4433
3/10/2012,4438.600098
4/10/2012,4452.399902
5/10/2012,4494.399902
7/10/2012,4481.899902
8/10/2012,4505.299805
9/10/2012,4490.700195
10/10/2012,4483.5
11/10/2012,4486.600098
14/10/2012,4483.399902
15/10/2012,4491.5
16/10/2012,4528.200195
17/10/2012,4559.399902
18/10/2012,4571.100098
21/10/2012,4541
22/10/2012,4543.100098
23/10/2012,4505.799805
24/10/2012,4510.5
25/10/2012,4472.399902
28/10/2012,4476.899902
29/10/2012,4485.700195
30/10/2012,4517
31/10/2012,4457.600098
1/11/2012,4460.100098
4/11/2012,4474.100098
5/11/2012,4484.799805
6/11/2012,4516.5
7/11/2012,4483.799805
8/11/2012,4462
11/11/2012,4448
12/11/2012,4379.799805
13/11/2012,4388.399902
14/11/2012,4349.299805
15/11/2012,4336.799805
18/11/2012,4361.399902
19/11/2012,4385.700195
20/11/2012,4369.5
21/11/2012,4413.100098
22/11/2012,4413
25/11/2012,4424.200195
26/11/2012,4456.799805
27/11/2012,4447.299805
28/11/2012,4477.700195
29/11/2012,4506
2/12/2012,4531.5
3/12/2012,4503.600098
4/12/2012,4520.399902
5/12/2012,4509.299805
6/12/2012,4551.799805
9/12/2012,4557.899902
10/12/2012,4576
11/12/2012,4583.799805
12/12/2012,4582.799805
13/12/2012,4583.100098
16/12/2012,4573.399902
17/12/2012,4595.200195
18/12/2012,4617.799805
19/12/2012,4634.100098
20/12/2012,4623.600098
23/12/2012,4635.200195
26/12/2012,4648
27/12/2012,4671.299805
30/12/2012,4649
1/01/2013,4705.899902
2/01/2013,4740.700195
3/01/2013,4723.799805
6/01/2013,4717.299805
7/01/2013,4690.299805
8/01/2013,4708.100098
9/01/2013,4723
10/01/2013,4709.5
13/01/2013,4719.700195
14/01/2013,4716.600098
15/01/2013,4738.399902
16/01/2013,4756.600098
17/01/2013,4771.200195
20/01/2013,4777.5
21/01/2013,4779.100098
22/01/2013,4787.799805
23/01/2013,4810.200195
24/01/2013,4835.200195
28/01/2013,4889
29/01/2013,4896.700195
30/01/2013,4878.799805
31/01/2013,4921.100098
3/02/2013,4907.5
4/02/2013,4882.700195
5/02/2013,4921
6/02/2013,4935.700195
7/02/2013,4971.299805
10/02/2013,4959.5
11/02/2013,4959
12/02/2013,5003.700195
13/02/2013,5036.899902
14/02/2013,5033.899902
17/02/2013,5063.399902
18/02/2013,5081.899902
19/02/2013,5098.700195
20/02/2013,4980.100098
21/02/2013,5018.100098
24/02/2013,5055.799805
25/02/2013,5003.600098
26/02/2013,5036.600098
27/02/2013,5104.100098
28/02/2013,5086.100098
3/03/2013,5010.5
4/03/2013,5075.399902
5/03/2013,5116.799805
6/03/2013,5109.200195
7/03/2013,5123.399902
10/03/2013,5146.899902
11/03/2013,5117.899902
12/03/2013,5092.399902
13/03/2013,5032.200195
14/03/2013,5120.200195
17/03/2013,5015.399902
18/03/2013,4987.399902
19/03/2013,4967.399902
20/03/2013,4959.399902
21/03/2013,4967.299805
24/03/2013,4990.200195
25/03/2013,4950.200195
26/03/2013,4995
27/03/2013,4966.5
1/04/2013,4985.5
2/04/2013,4957.700195
3/04/2013,4913.5
4/04/2013,4891.399902
8/04/2013,4905.5
9/04/2013,4976.799805
10/04/2013,4968
11/04/2013,5007.100098
12/04/2013,5013.5
15/04/2013,4967.899902
16/04/2013,4950.799805
17/04/2013,5004.600098
18/04/2013,4924.399902
19/04/2013,4931.899902
22/04/2013,4966.600098
23/04/2013,5016.200195
24/04/2013,5102.399902
26/04/2013,5097.5
29/04/2013,5125.799805
30/04/2013,5191.200195
1/05/2013,5166.200195
2/05/2013,5130
3/05/2013,5129.5
6/05/2013,5156.200195
7/05/2013,5143.700195
8/05/2013,5199.799805
9/05/2013,5198.399902
10/05/2013,5206.100098
13/05/2013,5210.299805
14/05/2013,5221
15/05/2013,5191.700195
16/05/2013,5165.700195
17/05/2013,5180.799805
20/05/2013,5209
21/05/2013,5180.100098
22/05/2013,5165.399902
23/05/2013,5062.399902
24/05/2013,4983.5
27/05/2013,4959.899902
28/05/2013,4970.700195
29/05/2013,4974.700195
30/05/2013,4930.700195
31/05/2013,4926.600098
3/06/2013,4888.299805
4/06/2013,4900.799805
5/06/2013,4835.200195
6/06/2013,4781.200195
7/06/2013,4737.700195
11/06/2013,4757.100098
12/06/2013,4724.5
13/06/2013,4695.799805
14/06/2013,4791.799805
17/06/2013,4825.899902
18/06/2013,4814.399902
19/06/2013,4861.399902
20/06/2013,4758.399902
21/06/2013,4738.799805
24/06/2013,4669.100098
25/06/2013,4656
26/06/2013,4731.700195
27/06/2013,4811.299805
28/06/2013,4802.600098
1/07/2013,4710.299805
2/07/2013,4834
3/07/2013,4744.100098
4/07/2013,4794.700195
5/07/2013,4841.700195
8/07/2013,4809.5
9/07/2013,4881.700195
10/07/2013,4901.399902
11/07/2013,4965.700195
12/07/2013,4973.899902
15/07/2013,4981.100098
16/07/2013,4986
17/07/2013,4981.700195
18/07/2013,4993.399902
19/07/2013,4972.100098
22/07/2013,5001.899902
23/07/2013,5017.100098
24/07/2013,5035.100098
25/07/2013,5035.600098
26/07/2013,5042
29/07/2013,5046.299805
30/07/2013,5047.200195
31/07/2013,5052
1/08/2013,5061.5
2/08/2013,5116.799805
5/08/2013,5111.299805
6/08/2013,5105.600098
7/08/2013,5011.299805
8/08/2013,5064.799805
9/08/2013,5055.200195
12/08/2013,5108.700195
13/08/2013,5157.700195
14/08/2013,5157.399902
15/08/2013,5152.399902
16/08/2013,5113.899902
19/08/2013,5112.5
20/08/2013,5078.200195
21/08/2013,5100
22/08/2013,5075.700195
23/08/2013,5123.399902
26/08/2013,5135.399902
27/08/2013,5141.200195
28/08/2013,5087.200195
29/08/2013,5092.399902
30/08/2013,5135
2/09/2013,5188.299805
3/09/2013,5196.600098
4/09/2013,5161.600098
5/09/2013,5142.5
6/09/2013,5145
9/09/2013,5181.5
10/09/2013,5201.200195
11/09/2013,5234.399902
12/09/2013,5242.5
13/09/2013,5219.600098
16/09/2013,5248
17/09/2013,5251.200195
18/09/2013,5238.100098
19/09/2013,5295.600098
20/09/2013,5276.700195
23/09/2013,5252.5
24/09/2013,5234.200195
25/09/2013,5275.899902
26/09/2013,5294.5
27/09/2013,5307.100098
30/09/2013,5218.899902
1/10/2013,5206.799805
2/10/2013,5215.600098
3/10/2013,5234.899902
4/10/2013,5208
6/10/2013,5161.100098
7/10/2013,5149.399902
8/10/2013,5153
9/10/2013,5147.100098
10/10/2013,5230.899902
13/10/2013,5207.899902
14/10/2013,5259.100098
15/10/2013,5262.899902
16/10/2013,5283.100098
17/10/2013,5321.5
20/10/2013,5351.799805
21/10/2013,5373.100098
22/10/2013,5356.100098
23/10/2013,5372.899902
24/10/2013,5386.299805
27/10/2013,5441.399902
28/10/2013,5415.5
29/10/2013,5430.899902
30/10/2013,5425.5
31/10/2013,5411.100098
3/11/2013,5390.5
4/11/2013,5432
5/11/2013,5433.799805
6/11/2013,5422
7/11/2013,5400.700195
10/11/2013,5387.100098
11/11/2013,5393.100098
12/11/2013,5319.200195
13/11/2013,5355.399902
14/11/2013,5401.700195
17/11/2013,5384.700195
18/11/2013,5352.899902
19/11/2013,5307.700195
20/11/2013,5288.299805
21/11/2013,5335.899902
24/11/2013,5352.799805
25/11/2013,5357
26/11/2013,5332.899902
27/11/2013,5334.299805
28/11/2013,5320.100098
1/12/2013,5279.5
2/12/2013,5256.100098
3/12/2013,5273.799805
4/12/2013,5198
5/12/2013,5186
8/12/2013,5144.399902
9/12/2013,5143.600098
10/12/2013,5104.299805
11/12/2013,5062.5
12/12/2013,5098.399902
15/12/2013,5089.600098
16/12/2013,5103.200195
17/12/2013,5096.100098
18/12/2013,5202.200195
19/12/2013,5265.200195
22/12/2013,5291.899902
23/12/2013,5327.200195
26/12/2013,5324.100098
29/12/2013,5356.799805
30/12/2013,5352.200195
1/01/2014,5367.899902
2/01/2014,5350.100098
5/01/2014,5324.899902
6/01/2014,5317
7/01/2014,5316
8/01/2014,5324.399902
9/01/2014,5312.399902
12/01/2014,5292.100098
13/01/2014,5212
14/01/2014,5245.399902
15/01/2014,5309.100098
16/01/2014,5305.899902
19/01/2014,5295
20/01/2014,5331.5
21/01/2014,5319.799805
22/01/2014,5263
23/01/2014,5240.899902
27/01/2014,5175.100098
28/01/2014,5229
29/01/2014,5188.100098
30/01/2014,5190
2/02/2014,5187.899902
3/02/2014,5097.100098
4/02/2014,5070.299805
5/02/2014,5131.399902
6/02/2014,5166.5
9/02/2014,5222.100098
10/02/2014,5254.5
11/02/2014,5310.100098
12/02/2014,5308.100098
13/02/2014,5356.299805
16/02/2014,5382.899902
17/02/2014,5392.799805
18/02/2014,5408.200195
19/02/2014,5412.299805
20/02/2014,5438.700195
23/02/2014,5440.200195
24/02/2014,5433.799805
25/02/2014,5437
26/02/2014,5411.399902
27/02/2014,5404.799805
2/03/2014,5384.299805
3/03/2014,5400.200195
4/03/2014,5446.200195
5/03/2014,5445.899902
6/03/2014,5462.299805
9/03/2014,5411.5
10/03/2014,5413.799805
11/03/2014,5384.200195
12/03/2014,5412.600098
13/03/2014,5329.399902
16/03/2014,5317.600098
17/03/2014,5344.600098
18/03/2014,5355.600098
19/03/2014,5294
20/03/2014,5338.100098
23/03/2014,5346.899902
24/03/2014,5336.600098
25/03/2014,5376.799805
26/03/2014,5350.100098
27/03/2014,5366.899902
30/03/2014,5394.799805
31/03/2014,5389.200195
1/04/2014,5403.299805
2/04/2014,5409.899902
3/04/2014,5422.799805
7/04/2014,5413.700195
8/04/2014,5410.600098
9/04/2014,5463.799805
10/04/2014,5480.799805
11/04/2014,5428.600098
14/04/2014,5358.899902
15/04/2014,5388.200195
16/04/2014,5420.299805
17/04/2014,5454.200195
22/04/2014,5479.299805
23/04/2014,5517.799805
24/04/2014,5531
28/04/2014,5536.100098
29/04/2014,5486.600098
30/04/2014,5489.100098
1/05/2014,5448.799805
2/05/2014,5458.100098
5/05/2014,5462.200195
6/05/2014,5481.399902
7/05/2014,5435.799805
8/05/2014,5476.799805
9/05/2014,5460.799805
12/05/2014,5448.399902
13/05/2014,5498.200195
14/05/2014,5496.5
15/05/2014,5510.799805
16/05/2014,5479
19/05/2014,5409
20/05/2014,5420.399902
21/05/2014,5424.600098
22/05/2014,5479.899902
23/05/2014,5492.799805
26/05/2014,5512.799805
27/05/2014,5511.700195
28/05/2014,5527.200195
29/05/2014,5519.5
30/05/2014,5492.5
2/06/2014,5518.5
3/06/2014,5479.700195
4/06/2014,5444.799805
5/06/2014,5436.899902
6/06/2014,5464
10/06/2014,5469.700195
11/06/2014,5454
12/06/2014,5428.799805
13/06/2014,5405.100098
16/06/2014,5412.299805
17/06/2014,5400.700195
18/06/2014,5382.700195
19/06/2014,5468.200195
20/06/2014,5419.5
23/06/2014,5453.299805
24/06/2014,5432.799805
25/06/2014,5402
26/06/2014,5464.299805
27/06/2014,5445.100098
30/06/2014,5395.700195
1/07/2014,5375.899902
2/07/2014,5455.399902
3/07/2014,5491.200195
4/07/2014,5525
7/07/2014,5518.899902
8/07/2014,5510.899902
9/07/2014,5452.5
10/07/2014,5464.399902
11/07/2014,5486.799805
14/07/2014,5511.399902
15/07/2014,5511.299805
16/07/2014,5518.899902
17/07/2014,5522.399902
18/07/2014,5531.700195
21/07/2014,5539.899902
22/07/2014,5543.299805
23/07/2014,5576.700195
24/07/2014,5587.799805
25/07/2014,5583.5
28/07/2014,5577.399902
29/07/2014,5588.399902
30/07/2014,5622.899902
31/07/2014,5632.899902
1/08/2014,5556.399902
4/08/2014,5540.899902
5/08/2014,5518.600098
6/08/2014,5512
7/08/2014,5509
8/08/2014,5435.299805
11/08/2014,5457
12/08/2014,5530.299805
13/08/2014,5514.700195
14/08/2014,5548.5
15/08/2014,5566.5
18/08/2014,5587.100098
19/08/2014,5623.799805
20/08/2014,5634.600098
21/08/2014,5638.899902
22/08/2014,5645.600098
25/08/2014,5634.899902
26/08/2014,5637.600098
27/08/2014,5651.200195
28/08/2014,5624.399902
29/08/2014,5625.899902
1/09/2014,5629.799805
2/09/2014,5658.5
3/09/2014,5656.100098
4/09/2014,5631.299805
5/09/2014,5598.700195
8/09/2014,5577
9/09/2014,5607.899902
10/09/2014,5574.299805
11/09/2014,5546.100098
12/09/2014,5531.100098
15/09/2014,5473.5
16/09/2014,5445.399902
17/09/2014,5407.299805
18/09/2014,5415.799805
19/09/2014,5433.100098
22/09/2014,5363
23/09/2014,5415.700195
24/09/2014,5375.799805
25/09/2014,5382.200195
26/09/2014,5313.399902
29/09/2014,5264.200195
30/09/2014,5292.799805
1/10/2014,5334.100098
2/10/2014,5297.700195
3/10/2014,5318.200195
5/10/2014,5292.899902
6/10/2014,5284.200195
7/10/2014,5241.299805
8/10/2014,5296.700195
9/10/2014,5188.299805
12/10/2014,5155.5
13/10/2014,5207.399902
14/10/2014,5245.600098
15/10/2014,5254.899902
16/10/2014,5271.700195
19/10/2014,5319.399902
20/10/2014,5325
21/10/2014,5385.899902
22/10/2014,5383.100098
23/10/2014,5412.200195
26/10/2014,5459
27/10/2014,5452.600098
28/10/2014,5447.700195
29/10/2014,5476.200195
30/10/2014,5526.600098
2/11/2014,5506.899902
3/11/2014,5519.899902
4/11/2014,5517.899902
5/11/2014,5506.100098
6/11/2014,5549.100098
9/11/2014,5524
10/11/2014,5517.100098
11/11/2014,5463.100098
12/11/2014,5442.700195
13/11/2014,5454.299805
16/11/2014,5412.5
17/11/2014,5399.700195
18/11/2014,5368.799805
19/11/2014,5316.200195
20/11/2014,5304.299805
23/11/2014,5361.799805
24/11/2014,5334.799805
25/11/2014,5396.200195
26/11/2014,5332.399902
27/11/2014,5313
30/11/2014,5207.700195
1/12/2014,5281.299805
2/12/2014,5321.799805
3/12/2014,5368.799805
4/12/2014,5335.299805
7/12/2014,5338.600098
8/12/2014,5282.700195
9/12/2014,5259
10/12/2014,5231
11/12/2014,5219.600098
14/12/2014,5186.100098
15/12/2014,5152.299805
16/12/2014,5161.899902
17/12/2014,5210.799805
18/12/2014,5338.600098
21/12/2014,5442
22/12/2014,5380.899902
23/12/2014,5394.5
28/12/2014,5473.799805
29/12/2014,5416.600098
30/12/2014,5411
1/01/2015,5435.899902
4/01/2015,5450.299805
5/01/2015,5364.799805
6/01/2015,5353.600098
7/01/2015,5381.5
8/01/2015,5465.600098
11/01/2015,5422.700195
12/01/2015,5404.700195
13/01/2015,5353.600098
14/01/2015,5331.399902
15/01/2015,5299.200195
18/01/2015,5309.100098
19/01/2015,5307.700195
20/01/2015,5393.399902
21/01/2015,5419.899902
22/01/2015,5501.799805
26/01/2015,5547.200195
27/01/2015,5552.799805
28/01/2015,5569.5
29/01/2015,5588.299805
1/02/2015,5625.299805
2/02/2015,5707.399902
3/02/2015,5777.299805
4/02/2015,5811
5/02/2015,5820.200195
8/02/2015,5814.899902
9/02/2015,5800.600098
10/02/2015,5769.100098
11/02/2015,5743.600098
12/02/2015,5877.5
15/02/2015,5888.700195
16/02/2015,5858.200195
17/02/2015,5915.700195
18/02/2015,5904.200195
19/02/2015,5881.5
22/02/2015,5908
23/02/2015,5927
24/02/2015,5944.899902
25/02/2015,5908.5
26/02/2015,5928.799805
1/03/2015,5958.899902
2/03/2015,5933.899902
3/03/2015,5901.600098
4/03/2015,5904.200195
5/03/2015,5898.899902
8/03/2015,5821.299805
9/03/2015,5824.200195
10/03/2015,5793.200195
11/03/2015,5850.200195
12/03/2015,5814.5
15/03/2015,5797.700195
16/03/2015,5842.100098
17/03/2015,5842.299805
18/03/2015,5950.799805
19/03/2015,5975.5
22/03/2015,5956.100098
23/03/2015,5969.100098
24/03/2015,5973.299805
25/03/2015,5879.100098
26/03/2015,5919.899902
29/03/2015,5846.100098
30/03/2015,5891.5
31/03/2015,5860.799805
1/04/2015,5898.600098
7/04/2015,5926
8/04/2015,5960.700195
9/04/2015,5932.200195
10/04/2015,5968.399902
13/04/2015,5960.299805
14/04/2015,5946.600098
15/04/2015,5908.399902
16/04/2015,5947.5
17/04/2015,5877.899902
20/04/2015,5833.100098
21/04/2015,5872.299805
22/04/2015,5837.5
23/04/2015,5844.799805
24/04/2015,5933.299805
27/04/2015,5982.700195
28/04/2015,5948.5
29/04/2015,5838.600098
30/04/2015,5790
1/05/2015,5814.399902
4/05/2015,5827.5
5/05/2015,5826.5
6/05/2015,5692.200195
7/05/2015,5645.700195
8/05/2015,5634.600098
11/05/2015,5625.200195
12/05/2015,5674.700195
13/05/2015,5715.100098
14/05/2015,5696.600098
15/05/2015,5735.5
18/05/2015,5659.200195
19/05/2015,5615.5
20/05/2015,5610.299805
21/05/2015,5662.299805
22/05/2015,5664.700195
25/05/2015,5721.5
26/05/2015,5773.399902
27/05/2015,5725.299805
28/05/2015,5713.100098
29/05/2015,5777.200195
1/06/2015,5735.399902
2/06/2015,5636
3/06/2015,5583.600098
4/06/2015,5504.299805
5/06/2015,5498.5
9/06/2015,5471.299805
10/06/2015,5478.600098
11/06/2015,5556.700195
12/06/2015,5545.299805
15/06/2015,5538.799805
16/06/2015,5535.799805
17/06/2015,5595.399902
18/06/2015,5524.899902
19/06/2015,5597
22/06/2015,5610.200195
23/06/2015,5684.299805
24/06/2015,5686.799805
25/06/2015,5632.700195
26/06/2015,5545.899902
29/06/2015,5422.5
30/06/2015,5459
1/07/2015,5515.700195
2/07/2015,5599.799805
3/07/2015,5538.299805
6/07/2015,5475
7/07/2015,5581.399902
8/07/2015,5469.5
9/07/2015,5471
10/07/2015,5492
13/07/2015,5473.200195
14/07/2015,5577.399902
15/07/2015,5636.200195
16/07/2015,5669.600098
17/07/2015,5670.100098
20/07/2015,5686.899902
21/07/2015,5706.700195
22/07/2015,5614.600098
23/07/2015,5590.299805
24/07/2015,5566.100098
27/07/2015,5589.899902
28/07/2015,5584.700195
29/07/2015,5624.200195
30/07/2015,5669.5
31/07/2015,5699.200195
3/08/2015,5679.299805
4/08/2015,5697.899902
5/08/2015,5674
6/08/2015,5610.100098
7/08/2015,5474.799805
10/08/2015,5509.200195
11/08/2015,5473.200195
12/08/2015,5382.100098
13/08/2015,5387.899902
14/08/2015,5356.5
17/08/2015,5367.700195
18/08/2015,5303.100098
19/08/2015,5380.200195
20/08/2015,5288.600098
21/08/2015,5214.600098
24/08/2015,5001.299805
25/08/2015,5137.299805
26/08/2015,5172.799805
27/08/2015,5233.299805
28/08/2015,5263.600098
31/08/2015,5207
1/09/2015,5096.399902
2/09/2015,5101.5
3/09/2015,5027.799805
4/09/2015,5040.600098
7/09/2015,5030.399902
8/09/2015,5115.200195
9/09/2015,5221.100098
10/09/2015,5095
11/09/2015,5071.100098
14/09/2015,5096.5
15/09/2015,5018.399902
16/09/2015,5098.899902
17/09/2015,5146.799805
18/09/2015,5170.5
21/09/2015,5066.200195
22/09/2015,5103.600098
23/09/2015,4998.100098
24/09/2015,5071.700195
25/09/2015,5042.100098
28/09/2015,5113.5
29/09/2015,4918.399902
30/09/2015,5021.600098
1/10/2015,5112.100098
2/10/2015,5052
4/10/2015,5150.5
5/10/2015,5167.399902
6/10/2015,5197.899902
7/10/2015,5210.399902
8/10/2015,5279.700195
11/10/2015,5232.899902
12/10/2015,5202.899902
13/10/2015,5197.299805
14/10/2015,5230
15/10/2015,5268.200195
18/10/2015,5269.700195
19/10/2015,5235.600098
20/10/2015,5248.299805
21/10/2015,5263.799805
22/10/2015,5351.600098
25/10/2015,5348
26/10/2015,5346.200195
27/10/2015,5335.200195
28/10/2015,5266.899902
29/10/2015,5239.399902
1/11/2015,5165.799805
2/11/2015,5239.200195
3/11/2015,5242.299805
4/11/2015,5193
5/11/2015,5215
8/11/2015,5119.5
9/11/2015,5099.200195
10/11/2015,5122.600098
11/11/2015,5125.700195
12/11/2015,5051.299805
15/11/2015,5003.799805
16/11/2015,5118.200195
17/11/2015,5133.100098
18/11/2015,5242.600098
19/11/2015,5256.100098
22/11/2015,5276.399902
23/11/2015,5226.399902
24/11/2015,5193.700195
25/11/2015,5210.700195
26/11/2015,5202.600098
29/11/2015,5166.5
30/11/2015,5266.100098
1/12/2015,5258.299805
2/12/2015,5227.700195
3/12/2015,5151.600098
6/12/2015,5155.700195
7/12/2015,5108.600098
8/12/2015,5080.5
9/12/2015,5037.700195
10/12/2015,5029.5
13/12/2015,4928.600098
14/12/2015,4909.600098
15/12/2015,5028.399902
16/12/2015,5102
17/12/2015,5106.700195
20/12/2015,5109
21/12/2015,5116.700195
22/12/2015,5141.799805
23/12/2015,5207.600098
27/12/2015,null
28/12/2015,5267.299805
29/12/2015,5319.899902
30/12/2015,5295.899902
3/01/2016,5270.5
4/01/2016,5184.399902
5/01/2016,5123.100098
6/01/2016,5010.299805
7/01/2016,4990.799805
10/01/2016,4932.200195
11/01/2016,4925.100098
12/01/2016,4987.399902
13/01/2016,4909.399902
14/01/2016,4892.799805
17/01/2016,4858.700195
18/01/2016,4903.100098
19/01/2016,4841.5
20/01/2016,4864
21/01/2016,4916
24/01/2016,5006.600098
26/01/2016,4946.399902
27/01/2016,4976.200195
28/01/2016,5005.5
31/01/2016,5043.600098
1/02/2016,4993.299805
2/02/2016,4876.799805
3/02/2016,4980.399902
4/02/2016,4976.200195
7/02/2016,4975.399902
8/02/2016,4832.100098
9/02/2016,4775.700195
10/02/2016,4821.100098
11/02/2016,4765.299805
14/02/2016,4843.5
15/02/2016,4910
16/02/2016,4882.100098
17/02/2016,4992
18/02/2016,4952.799805
21/02/2016,5001.200195
22/02/2016,4979.600098
23/02/2016,4875
24/02/2016,4881.200195
25/02/2016,4880
28/02/2016,4880.899902
29/02/2016,4922.299805
1/03/2016,5021.200195
2/03/2016,5081.100098
3/03/2016,5090
6/03/2016,5142.799805
7/03/2016,5108
8/03/2016,5157.200195
9/03/2016,5150.100098
10/03/2016,5166.399902
13/03/2016,5185.5
14/03/2016,5111.399902
15/03/2016,5119
16/03/2016,5168.200195
17/03/2016,5183.100098
20/03/2016,5166.600098
21/03/2016,5166.600098
22/03/2016,5142.299805
23/03/2016,5084.200195
28/03/2016,5004.5
29/03/2016,5010.299805
30/03/2016,5082.799805
31/03/2016,4999.399902
4/04/2016,4995.299805
5/04/2016,4924.399902
6/04/2016,4945.899902
7/04/2016,4964.100098
8/04/2016,4937.600098
11/04/2016,4931.5
12/04/2016,4975.600098
13/04/2016,5054.700195
14/04/2016,5118.600098
15/04/2016,5157.5
18/04/2016,5137.100098
19/04/2016,5188.799805
20/04/2016,5216
21/04/2016,5272.700195
22/04/2016,5236.399902
26/04/2016,5220.600098
27/04/2016,5187.700195
28/04/2016,5225.399902
29/04/2016,5252.200195
2/05/2016,5243
3/05/2016,5353.799805
4/05/2016,5271.100098
5/05/2016,5279.100098
6/05/2016,5292
9/05/2016,5320.700195
10/05/2016,5342.799805
11/05/2016,5372.299805
12/05/2016,5359.299805
13/05/2016,5329
16/05/2016,5358.899902
17/05/2016,5395.899902
18/05/2016,5356.200195
19/05/2016,5323.299805
20/05/2016,5351.299805
23/05/2016,5318.899902
24/05/2016,5295.600098
25/05/2016,5372.5
26/05/2016,5388.100098
27/05/2016,5405.899902
30/05/2016,5408
31/05/2016,5378.600098
1/06/2016,5323.200195
2/06/2016,5278.899902
3/06/2016,5318.899902
6/06/2016,5360.399902
7/06/2016,5371
8/06/2016,5370
9/06/2016,5361.899902
10/06/2016,5312.600098
14/06/2016,5203.299805
15/06/2016,5147.100098
16/06/2016,5146
17/06/2016,5162.700195
20/06/2016,5256.799805
21/06/2016,5274.399902
22/06/2016,5270.899902
23/06/2016,5280.700195
24/06/2016,5113.200195
27/06/2016,5137.200195
28/06/2016,5103.299805
29/06/2016,5142.399902
30/06/2016,5233.399902
1/07/2016,5246.600098
4/07/2016,5281.799805
5/07/2016,5228
6/07/2016,5197.5
7/07/2016,5227.899902
8/07/2016,5230.5
11/07/2016,5337.100098
12/07/2016,5353.200195
13/07/2016,5388.5
14/07/2016,5411.600098
15/07/2016,5429.600098
18/07/2016,5458.5
19/07/2016,5451.299805
20/07/2016,5488.700195
21/07/2016,5512.399902
22/07/2016,5498.200195
25/07/2016,5533.600098
26/07/2016,5537.5
27/07/2016,5539.700195
28/07/2016,5556.600098
29/07/2016,5562.299805
1/08/2016,5587.399902
2/08/2016,5540.5
3/08/2016,5465.700195
4/08/2016,5475.799805
5/08/2016,5497.399902
8/08/2016,5537.799805
9/08/2016,5552.5
10/08/2016,5543.700195
11/08/2016,5508
12/08/2016,5530.899902
15/08/2016,5540
16/08/2016,5532
17/08/2016,5535
18/08/2016,5507.799805
19/08/2016,5526.700195
22/08/2016,5515.100098
23/08/2016,5553.799805
24/08/2016,5561.700195
25/08/2016,5541.899902
26/08/2016,5515.5
29/08/2016,5469.200195
30/08/2016,5478.299805
31/08/2016,5433
1/09/2016,5415.600098
2/09/2016,5372.799805
5/09/2016,5429.600098
6/09/2016,5413.600098
7/09/2016,5424.200195
8/09/2016,5385.799805
9/09/2016,5339.200195
12/09/2016,5219.600098
13/09/2016,5207.799805
14/09/2016,5227.700195
15/09/2016,5239.899902
16/09/2016,5296.700195
19/09/2016,5294.799805
20/09/2016,5303.600098
21/09/2016,5339.600098
22/09/2016,5374.5
23/09/2016,5431.299805
26/09/2016,5431.399902
27/09/2016,5405.899902
28/09/2016,5412.399902
29/09/2016,5471.299805
30/09/2016,5435.899902
2/10/2016,5478.5
3/10/2016,5484
4/10/2016,5452.899902
5/10/2016,5483
6/10/2016,5467.399902
9/10/2016,5475.399902
10/10/2016,5479.799805
11/10/2016,5474.600098
12/10/2016,5435.5
13/10/2016,5434
16/10/2016,5388.700195
17/10/2016,5410.799805
18/10/2016,5435.399902
19/10/2016,5442.100098
20/10/2016,5430.299805
23/10/2016,5408.5
24/10/2016,5442.799805
25/10/2016,5359.799805
26/10/2016,5295.5
27/10/2016,5283.799805
30/10/2016,5317.700195
31/10/2016,5290.5
1/11/2016,5229
2/11/2016,5225.600098
3/11/2016,5180.799805
6/11/2016,5250.799805
7/11/2016,5257.799805
8/11/2016,5156.600098
9/11/2016,5328.799805
10/11/2016,5370.700195
13/11/2016,5345.700195
14/11/2016,5326.200195
15/11/2016,5327.700195
16/11/2016,5338.5
17/11/2016,5359.399902
20/11/2016,5351.299805
21/11/2016,5413.299805
22/11/2016,5484.399902
23/11/2016,5485.100098
24/11/2016,5507.799805
27/11/2016,5464.399902
28/11/2016,5457.5
29/11/2016,5440.5
30/11/2016,5500.200195
1/12/2016,5444
4/12/2016,5400.399902
5/12/2016,5428.700195
6/12/2016,5478.100098
7/12/2016,5543.600098
8/12/2016,5560.600098
11/12/2016,5562.799805
12/12/2016,5545
13/12/2016,5584.600098
14/12/2016,5538.600098
15/12/2016,5532.899902
18/12/2016,5562.100098
19/12/2016,5591.100098
20/12/2016,5613.5
21/12/2016,5643.899902
22/12/2016,5627.899902
27/12/2016,5685
28/12/2016,5699.100098
29/12/2016,5665.799805
